priority,symbol,identifier,open,dayHigh,dayLow,lastPrice,previousClose,change,pChange,ffmc,yearHigh,yearLow,totalTradedVolume,stockIndClosePrice,totalTradedValue,lastUpdateTime,nearWKH,nearWKL,perChange365d,date365dAgo,chart365dPath,date30dAgo,perChange30d,chart30dPath,chartTodayPath,series,meta
1,NIFTY 50,NIFTY 50,24818.85,24832.35,24621.6,24741.0,24734.3,6.700000000000728,0.03,1119690269.13,26277.35,21743.65,210071924,0,185301526994.18,05-Sep-2025 16:00:00,5.846670231206718,-13.7849441101195,-1.61,05-Sep-2024,https://nsearchives.nseindia.com/365d/NIFTY-50.svg,06-Aug-2025,0.68,https://nsearchives.nseindia.com/30d/NIFTY-50.svg,https://nsearchives.nseindia.com/today/NIFTY-50.svg,,
0,EICHERMOT,EICHERMOTEQN,6449.0,6598.5,6440.5,6580.0,6425.0,155.0,2.41,902564085763.29,6713.0,4508.75,610721,0,4000631733.07,,1.981230448383733,-45.93845300803992,37.09,05-Sep-2024,https://nsearchives.nseindia.com/365d/EICHERMOT-EQ.svg,06-Aug-2025,16.1,https://nsearchives.nseindia.com/30d/EICHERMOT-EQ.svg,https://nsearchives.nseindia.com/today/EICHERMOTEQN.svg,EQ,"{'symbol': 'EICHERMOT', 'companyName': 'Eicher Motors Limited', 'industry': '2/3 Wheelers', 'activeSeries': ['EQ'], 'debtSeries': [], 'isFNOSec': True, 'isCASec': False, 'isSLBSec': True, 'isDebtSec': False, 'isSuspended': False, 'tempSuspendedSeries': [], 'isETFSec': False, 'isDelisted': False, 'isin': 'INE066A01021', 'slb_isin': 'INE066A01021', 'listingDate': '2004-09-07', 'isMunicipalBond': False, 'isHybridSymbol': False, 'quotepreopenstatus': {'equityTime': '05-Sep-2025 16:00:00', 'preOpenTime': '05-Sep-2025 09:07:40', 'QuotePreOpenFlag': False}}"
0,M&M,M&MEQN,3511.0,3577.8,3481.5,3562.9,3481.5,81.4,2.34,3139470088695.77,3577.8,2425.0,3700943,0,13154224695.47,,0.4164570406395017,-46.92371134020619,30.78,05-Sep-2024,https://nsearchives.nseindia.com/365d/M&M-EQ.svg,06-Aug-2025,10.34,https://nsearchives.nseindia.com/30d/M&M-EQ.svg,https://nsearchives.nseindia.com/today/M&MEQN.svg,EQ,"{'symbol': 'M&M', 'companyName': 'Mahindra & Mahindra Limited', 'industry': 'Passenger Cars & Utility Vehicles', 'activeSeries': ['EQ', 'T0'], 'debtSeries': [], 'isFNOSec': True, 'isCASec': False, 'isSLBSec': True, 'isDebtSec': False, 'isSuspended': False, 'tempSuspendedSeries': [], 'isETFSec': False, 'isDelisted': False, 'isin': 'INE101A01026', 'slb_isin': 'INE101A01026', 'listingDate': '1996-01-03', 'isMunicipalBond': False, 'isHybridSymbol': False, 'quotepreopenstatus': {'equityTime': '05-Sep-2025 16:00:00', 'preOpenTime': '05-Sep-2025 09:07:40', 'QuotePreOpenFlag': False}}"
0,SHRIRAMFIN,SHRIRAMFINEQN,589.0,596.0,585.6,595.65,585.8,9.85,1.68,831608774489.73,730.45,493.35,4166734,0,2466164852.58,,18.454377438565277,-20.73578595317725,-81.74,05-Sep-2024,https://nsearchives.nseindia.com/365d/SHRIRAMFIN-EQ.svg,06-Aug-2025,-6.04,https://nsearchives.nseindia.com/30d/SHRIRAMFIN-EQ.svg,https://nsearchives.nseindia.com/today/SHRIRAMFINEQN.svg,EQ,"{'symbol': 'SHRIRAMFIN', 'companyName': 'Shriram Finance Limited', 'industry': 'Non Banking Financial Company (NBFC)', 'activeSeries': ['EQ'], 'debtSeries': [], 'isFNOSec': True, 'isCASec': False, 'isSLBSec': True, 'isDebtSec': True, 'isSuspended': False, 'tempSuspendedSeries': ['YV', 'YX', 'YY', 'Z1', 'Z2', 'Z3', 'Z6', 'Z7', 'ZA', 'ZD', 'ZG', 'ZJ', 'N1', 'N2', 'N3', 'N4', 'N5', 'N6', 'N7', 'N8', 'N9', 'NA', 'NB', 'NC', 'ND', 'NE', 'NF', 'NG', 'NH', 'NI', 'NJ', 'NK', 'NL', 'NM', 'NN', 'NO', 'NP', 'NQ', 'NR', 'NS', 'NT', 'NU', 'NV', 'NW', 'NX', 'NY', 'NZ', 'Y1', 'Y2', 'Y3', 'Y4', 'Y5', 'Y6', 'Y7', 'Y8', 'Y9', 'YA', 'YB', 'YC', 'YD', 'YG', 'YH', 'YJ', 'YK', 'YM', 'YN', 'YO', 'YQ', 'YR', 'YT', 'YU'], 'isETFSec': False, 'isDelisted': False, 'isin': 'INE721A01047', 'slb_isin': 'INE721A01047', 'listingDate': '1996-12-11', 'isMunicipalBond': False, 'isHybridSymbol': False, 'quotepreopenstatus': {'equityTime': '05-Sep-2025 16:00:00', 'preOpenTime': '05-Sep-2025 09:07:40', 'QuotePreOpenFlag': False}}"
0,MARUTI,MARUTIEQN,14740.0,14957.0,14701.0,14903.0,14662.0,241.0,1.64,1950473813023.04,15240.0,10725.0,473806,0,7026107078.48,,2.211286089238845,-38.955710955710956,21.11,05-Sep-2024,https://nsearchives.nseindia.com/365d/MARUTI-EQ.svg,06-Aug-2025,18.93,https://nsearchives.nseindia.com/30d/MARUTI-EQ.svg,https://nsearchives.nseindia.com/today/MARUTIEQN.svg,EQ,"{'symbol': 'MARUTI', 'companyName': 'Maruti Suzuki India Limited', 'industry': 'Passenger Cars & Utility Vehicles', 'activeSeries': ['EQ'], 'debtSeries': [], 'isFNOSec': True, 'isCASec': False, 'isSLBSec': True, 'isDebtSec': False, 'isSuspended': False, 'tempSuspendedSeries': ['IL'], 'isETFSec': False, 'isDelisted': False, 'isin': 'INE585B01010', 'slb_isin': 'INE585B01010', 'listingDate': '2003-07-09', 'isMunicipalBond': False, 'isHybridSymbol': False, 'quotepreopenstatus': {'equityTime': '05-Sep-2025 16:00:00', 'preOpenTime': '05-Sep-2025 09:07:40', 'QuotePreOpenFlag': False}}"
0,DRREDDY,DRREDDYEQN,1254.3,1271.7,1253.6,1269.7,1253.0,16.7,1.33,771022867685.77,1405.9,1020.0,769861,0,973789480.29,,9.687744505299099,-24.48039215686275,-81.06,05-Sep-2024,https://nsearchives.nseindia.com/365d/DRREDDY-EQ.svg,06-Aug-2025,5.97,https://nsearchives.nseindia.com/30d/DRREDDY-EQ.svg,https://nsearchives.nseindia.com/today/DRREDDYEQN.svg,EQ,"{'symbol': 'DRREDDY', 'companyName': ""Dr. Reddy's Laboratories Limited"", 'industry': 'Pharmaceuticals', 'activeSeries': ['EQ'], 'debtSeries': [], 'isFNOSec': True, 'isCASec': False, 'isSLBSec': True, 'isDebtSec': False, 'isSuspended': False, 'tempSuspendedSeries': ['N1'], 'isETFSec': False, 'isDelisted': False, 'isin': 'INE089A01031', 'slb_isin': 'INE089A01031', 'listingDate': '2003-05-30', 'isMunicipalBond': False, 'isHybridSymbol': False, 'quotepreopenstatus': {'equityTime': '05-Sep-2025 16:00:00', 'preOpenTime': '05-Sep-2025 09:07:40', 'QuotePreOpenFlag': False}}"
0,POWERGRID,POWERGRIDEQN,282.35,286.65,282.35,285.5,281.8,3.7,1.31,1289982170443.55,366.25,247.3,9695914,0,2761396307.2,,22.04778156996587,-15.446825717751715,-13.86,05-Sep-2024,https://nsearchives.nseindia.com/365d/POWERGRID-EQ.svg,06-Aug-2025,0.19,https://nsearchives.nseindia.com/30d/POWERGRID-EQ.svg,https://nsearchives.nseindia.com/today/POWERGRIDEQN.svg,EQ,"{'symbol': 'POWERGRID', 'companyName': 'Power Grid Corporation of India Limited', 'industry': 'Power - Transmission', 'activeSeries': ['EQ'], 'debtSeries': [], 'isFNOSec': True, 'isCASec': False, 'isSLBSec': True, 'isDebtSec': True, 'isSuspended': False, 'tempSuspendedSeries': ['IL'], 'isETFSec': False, 'isDelisted': False, 'isin': 'INE752E01010', 'slb_isin': 'INE752E01010', 'listingDate': '2007-10-05', 'isMunicipalBond': False, 'isHybridSymbol': False, 'quotepreopenstatus': {'equityTime': '05-Sep-2025 16:00:00', 'preOpenTime': '05-Sep-2025 09:07:40', 'QuotePreOpenFlag': False}}"
0,RELIANCE,RELIANCEEQN,1363.0,1381.0,1359.3,1375.7,1359.3,16.4,1.21,9294683933551.8,1551.0,1114.85,5777575,0,7917357677.0,,11.302385557704705,-23.39776651567477,-53.95,05-Sep-2024,https://nsearchives.nseindia.com/365d/RELIANCE-EQ.svg,06-Aug-2025,-1.28,https://nsearchives.nseindia.com/30d/RELIANCE-EQ.svg,https://nsearchives.nseindia.com/today/RELIANCEEQN.svg,EQ,"{'symbol': 'RELIANCE', 'companyName': 'Reliance Industries Limited', 'industry': 'Refineries & Marketing', 'activeSeries': ['EQ', 'T0'], 'debtSeries': [], 'isFNOSec': True, 'isCASec': False, 'isSLBSec': True, 'isDebtSec': False, 'isSuspended': False, 'tempSuspendedSeries': [], 'isETFSec': False, 'isDelisted': False, 'isin': 'INE002A01018', 'slb_isin': 'INE002A01018', 'listingDate': '1995-11-29', 'isMunicipalBond': False, 'isHybridSymbol': False, 'quotepreopenstatus': {'equityTime': '05-Sep-2025 16:00:00', 'preOpenTime': '05-Sep-2025 09:07:40', 'QuotePreOpenFlag': False}}"
0,ETERNAL,ETERNALEQN,327.55,334.4,326.3,329.5,326.25,3.25,1.0,2283906812586.22,334.4,194.8,31645035,0,10487797499.7,,1.4653110047846822,-69.14784394250512,-,-,-,06-Aug-2025,10.14,https://nsearchives.nseindia.com/30d/ETERNAL-EQ.svg,https://nsearchives.nseindia.com/today/ETERNALEQN.svg,EQ,"{'symbol': 'ETERNAL', 'companyName': 'ETERNAL LIMITED', 'industry': 'E-Retail/ E-Commerce', 'activeSeries': ['EQ', 'T0'], 'debtSeries': [], 'isFNOSec': True, 'isCASec': False, 'isSLBSec': True, 'isDebtSec': False, 'isSuspended': False, 'tempSuspendedSeries': [], 'isETFSec': False, 'isDelisted': False, 'isin': 'INE758T01015', 'slb_isin': 'INE758T01015', 'listingDate': '2021-07-23', 'isMunicipalBond': False, 'isHybridSymbol': False, 'quotepreopenstatus': {'equityTime': '05-Sep-2025 16:00:00', 'preOpenTime': '05-Sep-2025 09:07:40', 'QuotePreOpenFlag': False}}"
0,TATAMOTORS,TATAMOTORSEQN,690.9,697.35,683.1,693.5,687.5,6.0,0.87,1443744542062.04,1085.85,535.75,6692975,0,4623306340.75,,36.13298337707786,-29.444703686420905,-35.3,05-Sep-2024,https://nsearchives.nseindia.com/365d/TATAMOTORS-EQ.svg,06-Aug-2025,5.95,https://nsearchives.nseindia.com/30d/TATAMOTORS-EQ.svg,https://nsearchives.nseindia.com/today/TATAMOTORSEQN.svg,EQ,"{'symbol': 'TATAMOTORS', 'companyName': 'Tata Motors Limited', 'industry': 'Passenger Cars & Utility Vehicles', 'activeSeries': ['EQ', 'T0'], 'debtSeries': [], 'isFNOSec': True, 'isCASec': False, 'isSLBSec': True, 'isDebtSec': False, 'isSuspended': False, 'tempSuspendedSeries': [], 'isETFSec': False, 'isDelisted': False, 'isin': 'INE155A01022', 'slb_isin': 'INE155A01022', 'listingDate': '1998-07-22', 'isMunicipalBond': False, 'isHybridSymbol': False, 'quotepreopenstatus': {'equityTime': '05-Sep-2025 16:00:00', 'preOpenTime': '05-Sep-2025 09:07:40', 'QuotePreOpenFlag': False}}"
0,SBILIFE,SBILIFEEQN,1815.0,1827.5,1800.1,1806.0,1791.1,14.9,0.83,807578363353.07,1932.85,1372.55,757123,0,1369567365.93,,6.562847608453834,-31.579906014352854,-5.38,05-Sep-2024,https://nsearchives.nseindia.com/365d/SBILIFE-EQ.svg,06-Aug-2025,-2.64,https://nsearchives.nseindia.com/30d/SBILIFE-EQ.svg,https://nsearchives.nseindia.com/today/SBILIFEEQN.svg,EQ,"{'symbol': 'SBILIFE', 'companyName': 'SBI Life Insurance Company Limited', 'industry': 'Life Insurance', 'activeSeries': ['EQ'], 'debtSeries': [], 'isFNOSec': True, 'isCASec': False, 'isSLBSec': True, 'isDebtSec': False, 'isSuspended': False, 'tempSuspendedSeries': [], 'isETFSec': False, 'isDelisted': False, 'isin': 'INE123W01016', 'slb_isin': 'INE123W01016', 'listingDate': '2017-10-03', 'isMunicipalBond': False, 'isHybridSymbol': False, 'quotepreopenstatus': {'equityTime': '05-Sep-2025 16:00:00', 'preOpenTime': '05-Sep-2025 09:07:40', 'QuotePreOpenFlag': False}}"
0,HINDALCO,HINDALCOEQN,738.0,746.65,738.0,745.0,739.05,5.95,0.81,1075900799659.36,772.65,546.45,2778157,0,2064059524.72,,3.5785931534329873,-36.33452282917009,11.02,05-Sep-2024,https://nsearchives.nseindia.com/365d/HINDALCO-EQ.svg,06-Aug-2025,8.61,https://nsearchives.nseindia.com/30d/HINDALCO-EQ.svg,https://nsearchives.nseindia.com/today/HINDALCOEQN.svg,EQ,"{'symbol': 'HINDALCO', 'companyName': 'Hindalco Industries Limited', 'industry': 'Aluminium', 'activeSeries': ['EQ', 'T0'], 'debtSeries': [], 'isFNOSec': True, 'isCASec': False, 'isSLBSec': True, 'isDebtSec': False, 'isSuspended': False, 'tempSuspendedSeries': ['P1', 'E1', 'E2'], 'isETFSec': False, 'isDelisted': False, 'isin': 'INE038A01020', 'slb_isin': 'INE038A01020', 'listingDate': '1997-01-08', 'isMunicipalBond': False, 'isHybridSymbol': False, 'quotepreopenstatus': {'equityTime': '05-Sep-2025 16:00:00', 'preOpenTime': '05-Sep-2025 09:07:40', 'QuotePreOpenFlag': False}}"
0,HDFCLIFE,HDFCLIFEEQN,764.0,773.0,753.4,760.05,754.25,5.8,0.77,812530019412.39,820.75,584.3,3234619,0,2459216133.32,,7.395674687785568,-30.078726681499234,1.02,05-Sep-2024,https://nsearchives.nseindia.com/365d/HDFCLIFE-EQ.svg,06-Aug-2025,0.93,https://nsearchives.nseindia.com/30d/HDFCLIFE-EQ.svg,https://nsearchives.nseindia.com/today/HDFCLIFEEQN.svg,EQ,"{'symbol': 'HDFCLIFE', 'companyName': 'HDFC Life Insurance Company Limited', 'industry': 'Life Insurance', 'activeSeries': ['EQ', 'T0'], 'debtSeries': [], 'isFNOSec': True, 'isCASec': False, 'isSLBSec': True, 'isDebtSec': True, 'isSuspended': False, 'tempSuspendedSeries': [], 'isETFSec': False, 'isDelisted': False, 'isin': 'INE795G01014', 'slb_isin': 'INE795G01014', 'listingDate': '2017-11-17', 'isMunicipalBond': False, 'isHybridSymbol': False, 'quotepreopenstatus': {'equityTime': '05-Sep-2025 16:00:00', 'preOpenTime': '05-Sep-2025 09:07:40', 'QuotePreOpenFlag': False}}"
0,BHARTIARTL,BHARTIARTLEQN,1887.0,1910.7,1875.7,1894.0,1880.4,13.6,0.72,5147988694257.61,2045.8,1511.0,2620140,0,4960946874.6,,7.420080164238927,-25.347452018530774,22.5,05-Sep-2024,https://nsearchives.nseindia.com/365d/BHARTIARTL-EQ.svg,06-Aug-2025,-1.78,https://nsearchives.nseindia.com/30d/BHARTIARTL-EQ.svg,https://nsearchives.nseindia.com/today/BHARTIARTLEQN.svg,EQ,"{'symbol': 'BHARTIARTL', 'companyName': 'Bharti Airtel Limited', 'industry': 'Telecom - Cellular & Fixed line services', 'activeSeries': ['EQ'], 'debtSeries': [], 'isFNOSec': True, 'isCASec': False, 'isSLBSec': True, 'isDebtSec': False, 'isSuspended': False, 'tempSuspendedSeries': ['IL'], 'isETFSec': False, 'isDelisted': False, 'isin': 'INE397D01024', 'slb_isin': 'INE397D01024', 'listingDate': '2002-02-15', 'isMunicipalBond': False, 'isHybridSymbol': False, 'quotepreopenstatus': {'equityTime': '05-Sep-2025 16:00:00', 'preOpenTime': '05-Sep-2025 09:07:40', 'QuotePreOpenFlag': False}}"
0,SUNPHARMA,SUNPHARMAEQN,1582.4,1599.3,1575.5,1592.9,1582.3,10.6,0.67,1712796252626.5,1960.35,1553.05,1814479,0,2881773692.59,,18.744101818552803,-2.5659186761533843,-12.75,05-Sep-2024,https://nsearchives.nseindia.com/365d/SUNPHARMA-EQ.svg,06-Aug-2025,-0.1,https://nsearchives.nseindia.com/30d/SUNPHARMA-EQ.svg,https://nsearchives.nseindia.com/today/SUNPHARMAEQN.svg,EQ,"{'symbol': 'SUNPHARMA', 'companyName': 'Sun Pharmaceutical Industries Limited', 'industry': 'Pharmaceuticals', 'activeSeries': ['EQ'], 'debtSeries': [], 'isFNOSec': True, 'isCASec': False, 'isSLBSec': True, 'isDebtSec': False, 'isSuspended': False, 'tempSuspendedSeries': ['P1'], 'isETFSec': False, 'isDelisted': False, 'isin': 'INE044A01036', 'slb_isin': 'INE044A01036', 'listingDate': '1995-02-08', 'isMunicipalBond': False, 'isHybridSymbol': False, 'quotepreopenstatus': {'equityTime': '05-Sep-2025 16:00:00', 'preOpenTime': '05-Sep-2025 09:07:40', 'QuotePreOpenFlag': False}}"
0,BAJAJFINSV,BAJAJFINSVEQN,2013.9,2023.8,2002.1,2015.0,2002.2,12.8,0.64,1091442243383.7,2135.0,1551.65,1077230,0,2168054642.6,,5.620608899297424,-29.861760061869617,8.01,05-Sep-2024,https://nsearchives.nseindia.com/365d/BAJAJFINSV-EQ.svg,06-Aug-2025,4.7,https://nsearchives.nseindia.com/30d/BAJAJFINSV-EQ.svg,https://nsearchives.nseindia.com/today/BAJAJFINSVEQN.svg,EQ,"{'symbol': 'BAJAJFINSV', 'companyName': 'Bajaj Finserv Limited', 'industry': 'Holding Company', 'activeSeries': ['EQ', 'T0'], 'debtSeries': [], 'isFNOSec': True, 'isCASec': False, 'isSLBSec': True, 'isDebtSec': False, 'isSuspended': False, 'tempSuspendedSeries': [], 'isETFSec': False, 'isDelisted': False, 'isin': 'INE918I01026', 'slb_isin': 'INE918I01026', 'listingDate': '2008-05-26', 'isMunicipalBond': False, 'isHybridSymbol': False, 'quotepreopenstatus': {'equityTime': '05-Sep-2025 16:00:00', 'preOpenTime': '05-Sep-2025 09:07:40', 'QuotePreOpenFlag': False}}"
0,TATASTEEL,TATASTEELEQN,167.0,168.0,165.94,167.8,166.81,0.99,0.59,1383788792857.06,170.18,122.62,16798170,0,2805798335.1,,1.398519214948875,-36.84553906377427,10.52,05-Sep-2024,https://nsearchives.nseindia.com/365d/TATASTEEL-EQ.svg,06-Aug-2025,5.69,https://nsearchives.nseindia.com/30d/TATASTEEL-EQ.svg,https://nsearchives.nseindia.com/today/TATASTEELEQN.svg,EQ,"{'symbol': 'TATASTEEL', 'companyName': 'Tata Steel Limited', 'industry': 'Iron & Steel', 'activeSeries': ['EQ', 'T0'], 'debtSeries': [], 'isFNOSec': True, 'isCASec': False, 'isSLBSec': True, 'isDebtSec': False, 'isSuspended': False, 'tempSuspendedSeries': ['B1', 'E1', 'Q1', 'IL'], 'isETFSec': False, 'isDelisted': False, 'isin': 'INE081A01020', 'slb_isin': 'INE081A01020', 'listingDate': '1998-11-18', 'isMunicipalBond': False, 'isHybridSymbol': False, 'quotepreopenstatus': {'equityTime': '05-Sep-2025 16:00:00', 'preOpenTime': '05-Sep-2025 09:07:40', 'QuotePreOpenFlag': False}}"
0,AXISBANK,AXISBANKEQN,1056.6,1058.0,1047.8,1056.0,1050.4,5.6,0.53,3015217868814.33,1281.65,933.5,2849589,0,3001643069.04,,17.606210743962865,-13.122656668452063,-10.56,05-Sep-2024,https://nsearchives.nseindia.com/365d/AXISBANK-EQ.svg,06-Aug-2025,-1.41,https://nsearchives.nseindia.com/30d/AXISBANK-EQ.svg,https://nsearchives.nseindia.com/today/AXISBANKEQN.svg,EQ,"{'symbol': 'AXISBANK', 'companyName': 'Axis Bank Limited', 'industry': 'Private Sector Bank', 'activeSeries': ['EQ'], 'debtSeries': [], 'isFNOSec': True, 'isCASec': False, 'isSLBSec': True, 'isDebtSec': True, 'isSuspended': False, 'tempSuspendedSeries': ['IL'], 'isETFSec': False, 'isDelisted': False, 'isin': 'INE238A01034', 'slb_isin': 'INE238A01034', 'listingDate': '1998-11-16', 'isMunicipalBond': False, 'isHybridSymbol': False, 'quotepreopenstatus': {'equityTime': '05-Sep-2025 16:00:00', 'preOpenTime': '05-Sep-2025 09:07:40', 'QuotePreOpenFlag': False}}"
0,ASIANPAINT,ASIANPAINTEQN,2565.0,2602.0,2565.0,2581.9,2568.6,13.3,0.52,1164831737934.73,3394.9,2124.75,1153436,0,2977272071.92,,23.947686235235206,-21.515472408518654,-20.33,05-Sep-2024,https://nsearchives.nseindia.com/365d/ASIANPAINT-EQ.svg,06-Aug-2025,3.56,https://nsearchives.nseindia.com/30d/ASIANPAINT-EQ.svg,https://nsearchives.nseindia.com/today/ASIANPAINTEQN.svg,EQ,"{'symbol': 'ASIANPAINT', 'companyName': 'Asian Paints Limited', 'industry': 'Paints', 'activeSeries': ['EQ', 'T0'], 'debtSeries': [], 'isFNOSec': True, 'isCASec': False, 'isSLBSec': True, 'isDebtSec': False, 'isSuspended': False, 'tempSuspendedSeries': [], 'isETFSec': False, 'isDelisted': False, 'isin': 'INE021A01026', 'slb_isin': 'INE021A01026', 'listingDate': '1995-05-31', 'isMunicipalBond': False, 'isHybridSymbol': False, 'quotepreopenstatus': {'equityTime': '05-Sep-2025 16:00:00', 'preOpenTime': '05-Sep-2025 09:07:40', 'QuotePreOpenFlag': False}}"
0,INDUSINDBK,INDUSINDBKEQN,756.35,759.5,750.0,758.25,754.85,3.4,0.45,498005602475.23,1498.0,606.0,2873689,0,2170497301.7,,49.38251001335114,-25.123762376237625,-46.8,05-Sep-2024,https://nsearchives.nseindia.com/365d/INDUSINDBK-EQ.svg,06-Aug-2025,-5.76,https://nsearchives.nseindia.com/30d/INDUSINDBK-EQ.svg,https://nsearchives.nseindia.com/today/INDUSINDBKEQN.svg,EQ,"{'symbol': 'INDUSINDBK', 'companyName': 'IndusInd Bank Limited', 'industry': 'Private Sector Bank', 'activeSeries': ['EQ'], 'debtSeries': [], 'isFNOSec': True, 'isCASec': False, 'isSLBSec': True, 'isDebtSec': False, 'isSuspended': False, 'tempSuspendedSeries': ['IL'], 'isETFSec': False, 'isDelisted': False, 'isin': 'INE095A01012', 'slb_isin': 'INE095A01012', 'listingDate': '1998-01-28', 'isMunicipalBond': False, 'isHybridSymbol': False, 'quotepreopenstatus': {'equityTime': '05-Sep-2025 16:00:00', 'preOpenTime': '05-Sep-2025 09:07:40', 'QuotePreOpenFlag': False}}"
0,COALINDIA,COALINDIAEQN,392.4,393.25,389.0,393.1,391.45,1.65,0.42,890446547529.65,517.85,349.25,4535470,0,1774275864.0,,24.089987448102733,-12.555476020042954,-21,05-Sep-2024,https://nsearchives.nseindia.com/365d/COALINDIA-EQ.svg,06-Aug-2025,4.19,https://nsearchives.nseindia.com/30d/COALINDIA-EQ.svg,https://nsearchives.nseindia.com/today/COALINDIAEQN.svg,EQ,"{'symbol': 'COALINDIA', 'companyName': 'Coal India Limited', 'industry': 'Coal', 'activeSeries': ['EQ', 'T0'], 'debtSeries': [], 'isFNOSec': True, 'isCASec': False, 'isSLBSec': True, 'isDebtSec': False, 'isSuspended': False, 'tempSuspendedSeries': [], 'isETFSec': False, 'isDelisted': False, 'isin': 'INE522F01014', 'slb_isin': 'INE522F01014', 'listingDate': '2010-11-04', 'isMunicipalBond': False, 'isHybridSymbol': False, 'quotepreopenstatus': {'equityTime': '05-Sep-2025 16:00:00', 'preOpenTime': '05-Sep-2025 09:07:40', 'QuotePreOpenFlag': False}}"
0,HEROMOTOCO,HEROMOTOCOEQN,5360.0,5419.5,5348.5,5370.0,5351.0,19.0,0.36,695480130368.6,6246.25,3344.0,517415,0,2778637555.45,,14.028417050230138,-60.58612440191388,-6.47,05-Sep-2024,https://nsearchives.nseindia.com/365d/HEROMOTOCO-EQ.svg,06-Aug-2025,19.85,https://nsearchives.nseindia.com/30d/HEROMOTOCO-EQ.svg,https://nsearchives.nseindia.com/today/HEROMOTOCOEQN.svg,EQ,"{'symbol': 'HEROMOTOCO', 'companyName': 'Hero MotoCorp Limited', 'industry': '2/3 Wheelers', 'activeSeries': ['EQ', 'T0'], 'debtSeries': [], 'isFNOSec': True, 'isCASec': False, 'isSLBSec': True, 'isDebtSec': False, 'isSuspended': False, 'tempSuspendedSeries': [], 'isETFSec': False, 'isDelisted': False, 'isin': 'INE158A01026', 'slb_isin': 'INE158A01026', 'listingDate': '2003-04-11', 'isMunicipalBond': False, 'isHybridSymbol': False, 'quotepreopenstatus': {'equityTime': '05-Sep-2025 16:00:00', 'preOpenTime': '05-Sep-2025 09:07:40', 'QuotePreOpenFlag': False}}"
0,TATACONSUM,TATACONSUMEQN,1074.0,1077.5,1061.2,1075.0,1071.1,3.9,0.36,698175598675.33,1234.3,882.9,1130356,0,1210803436.52,,12.90610062383537,-21.7578434703817,-9.78,05-Sep-2024,https://nsearchives.nseindia.com/365d/TATACONSUM-EQ.svg,06-Aug-2025,1.86,https://nsearchives.nseindia.com/30d/TATACONSUM-EQ.svg,https://nsearchives.nseindia.com/today/TATACONSUMEQN.svg,EQ,"{'symbol': 'TATACONSUM', 'companyName': 'TATA CONSUMER PRODUCTS LIMITED', 'industry': 'Tea & Coffee', 'activeSeries': ['EQ', 'T0'], 'debtSeries': [], 'isFNOSec': True, 'isCASec': False, 'isSLBSec': True, 'isDebtSec': False, 'isSuspended': False, 'tempSuspendedSeries': [], 'isETFSec': False, 'isDelisted': False, 'isin': 'INE192A01025', 'slb_isin': 'INE192A01025', 'listingDate': '1998-11-18', 'isMunicipalBond': False, 'isHybridSymbol': False, 'quotepreopenstatus': {'equityTime': '05-Sep-2025 16:00:00', 'preOpenTime': '05-Sep-2025 09:07:40', 'QuotePreOpenFlag': False}}"
0,BAJFINANCE,BAJFINANCEEQN,942.0,942.35,932.0,936.95,934.75,2.2,0.24,2486234355879.64,978.8,645.1,5467260,0,5121619822.8,,4.275643645279925,-45.24104789955046,-87.06,05-Sep-2024,https://nsearchives.nseindia.com/365d/BAJFINANCE-EQ.svg,06-Aug-2025,6.95,https://nsearchives.nseindia.com/30d/BAJFINANCE-EQ.svg,https://nsearchives.nseindia.com/today/BAJFINANCEEQN.svg,EQ,"{'symbol': 'BAJFINANCE', 'companyName': 'Bajaj Finance Limited', 'industry': 'Non Banking Financial Company (NBFC)', 'activeSeries': ['EQ', 'T0'], 'debtSeries': [], 'isFNOSec': True, 'isCASec': False, 'isSLBSec': True, 'isDebtSec': False, 'isSuspended': False, 'tempSuspendedSeries': ['N1', 'W1'], 'isETFSec': False, 'isDelisted': False, 'isin': 'INE296A01032', 'slb_isin': 'INE296A01032', 'listingDate': '2003-04-01', 'isMunicipalBond': False, 'isHybridSymbol': False, 'quotepreopenstatus': {'equityTime': '05-Sep-2025 16:00:00', 'preOpenTime': '05-Sep-2025 09:07:40', 'QuotePreOpenFlag': False}}"
0,JSWSTEEL,JSWSTEELEQN,1069.0,1076.6,1063.0,1074.9,1072.4,2.5,0.23,1017383120493.86,1089.2,880.0,748933,0,801478139.28,,1.3128901946382623,-22.14772727272728,15.95,05-Sep-2024,https://nsearchives.nseindia.com/365d/JSWSTEEL-EQ.svg,06-Aug-2025,1.95,https://nsearchives.nseindia.com/30d/JSWSTEEL-EQ.svg,https://nsearchives.nseindia.com/today/JSWSTEELEQN.svg,EQ,"{'symbol': 'JSWSTEEL', 'companyName': 'JSW Steel Limited', 'industry': 'Iron & Steel', 'activeSeries': ['EQ', 'T0'], 'debtSeries': [], 'isFNOSec': True, 'isCASec': False, 'isSLBSec': True, 'isDebtSec': False, 'isSuspended': False, 'tempSuspendedSeries': ['P1', 'P2'], 'isETFSec': False, 'isDelisted': False, 'isin': 'INE019A01038', 'slb_isin': 'INE019A01038', 'listingDate': '2005-03-23', 'isMunicipalBond': False, 'isHybridSymbol': False, 'quotepreopenstatus': {'equityTime': '05-Sep-2025 16:00:00', 'preOpenTime': '05-Sep-2025 09:07:40', 'QuotePreOpenFlag': False}}"
0,JIOFIN,JIOFINEQN,310.0,313.9,308.9,310.0,309.45,0.55,0.18,1012989054705.4,363.0,198.65,8618197,0,2676553442.29,,14.600550964187327,-56.053360181223255,-10.41,05-Sep-2024,https://nsearchives.nseindia.com/365d/JIOFIN-EQ.svg,06-Aug-2025,-5.25,https://nsearchives.nseindia.com/30d/JIOFIN-EQ.svg,https://nsearchives.nseindia.com/today/JIOFINEQN.svg,EQ,"{'symbol': 'JIOFIN', 'companyName': 'Jio Financial Services Limited', 'industry': 'Investment Company', 'activeSeries': ['EQ', 'T0'], 'debtSeries': [], 'isFNOSec': True, 'isCASec': False, 'isSLBSec': True, 'isDebtSec': False, 'isSuspended': False, 'tempSuspendedSeries': [], 'isETFSec': False, 'isDelisted': False, 'isin': 'INE758E01017', 'slb_isin': 'INE758E01017', 'listingDate': '2023-08-21', 'isMunicipalBond': False, 'isHybridSymbol': False, 'quotepreopenstatus': {'equityTime': '05-Sep-2025 16:00:00', 'preOpenTime': '05-Sep-2025 09:07:40', 'QuotePreOpenFlag': False}}"
0,ADANIENT,ADANIENTEQN,2275.0,2293.5,2248.0,2282.5,2278.8,3.7,0.16,592888833600.33,3211.0,2025.0,443010,0,1007320568.1,,28.916225474929927,-12.716049382716049,-24.34,05-Sep-2024,https://nsearchives.nseindia.com/365d/ADANIENT-EQ.svg,06-Aug-2025,-0.82,https://nsearchives.nseindia.com/30d/ADANIENT-EQ.svg,https://nsearchives.nseindia.com/today/ADANIENTEQN.svg,EQ,"{'symbol': 'ADANIENT', 'companyName': 'Adani Enterprises Limited', 'industry': 'Trading - Minerals', 'activeSeries': ['EQ', 'T0'], 'debtSeries': [], 'isFNOSec': True, 'isCASec': False, 'isSLBSec': True, 'isDebtSec': True, 'isSuspended': False, 'tempSuspendedSeries': [], 'isETFSec': False, 'isDelisted': False, 'isin': 'INE423A01024', 'slb_isin': 'INE423A01024', 'listingDate': '1997-06-04', 'isMunicipalBond': False, 'isHybridSymbol': False, 'quotepreopenstatus': {'equityTime': '05-Sep-2025 16:00:00', 'preOpenTime': '05-Sep-2025 09:07:40', 'QuotePreOpenFlag': False}}"
0,HDFCBANK,HDFCBANKEQN,967.5,967.5,954.05,962.6,961.25,1.35,0.14,14655952354580.09,1018.85,806.5,11602111,0,11146148037.7,,5.520930460813663,-19.355238685678863,-41.45,05-Sep-2024,https://nsearchives.nseindia.com/365d/HDFCBANK-EQ.svg,06-Aug-2025,-51.47,https://nsearchives.nseindia.com/30d/HDFCBANK-EQ.svg,https://nsearchives.nseindia.com/today/HDFCBANKEQN.svg,EQ,"{'symbol': 'HDFCBANK', 'companyName': 'HDFC Bank Limited', 'industry': 'Private Sector Bank', 'activeSeries': ['EQ', 'T0'], 'debtSeries': [], 'isFNOSec': True, 'isCASec': False, 'isSLBSec': True, 'isDebtSec': True, 'isSuspended': False, 'tempSuspendedSeries': ['W3', 'IL'], 'isETFSec': False, 'isDelisted': False, 'isin': 'INE040A01034', 'slb_isin': 'INE040A01034', 'listingDate': '1995-11-08', 'isMunicipalBond': False, 'isHybridSymbol': False, 'quotepreopenstatus': {'equityTime': '05-Sep-2025 16:00:00', 'preOpenTime': '05-Sep-2025 09:07:40', 'QuotePreOpenFlag': False}}"
0,BAJAJ-AUTO,BAJAJ-AUTOEQN,9117.0,9172.0,9053.0,9075.0,9071.0,4.0,0.04,1002640525687.51,12774.0,7089.35,231190,0,2103782762.0,,28.957256928135276,-28.00891478062163,-16.32,05-Sep-2024,https://nsearchives.nseindia.com/365d/BAJAJ-AUTO-EQ.svg,06-Aug-2025,11.08,https://nsearchives.nseindia.com/30d/BAJAJ-AUTO-EQ.svg,https://nsearchives.nseindia.com/today/BAJAJ-AUTOEQN.svg,EQ,"{'symbol': 'BAJAJ-AUTO', 'companyName': 'Bajaj Auto Limited', 'industry': '2/3 Wheelers', 'activeSeries': ['EQ', 'T0'], 'debtSeries': [], 'isFNOSec': True, 'isCASec': False, 'isSLBSec': True, 'isDebtSec': False, 'isSuspended': False, 'tempSuspendedSeries': [], 'isETFSec': False, 'isDelisted': False, 'isin': 'INE917I01010', 'slb_isin': 'INE917I01010', 'listingDate': '2008-05-26', 'isMunicipalBond': False, 'isHybridSymbol': False, 'quotepreopenstatus': {'equityTime': '05-Sep-2025 16:00:00', 'preOpenTime': '05-Sep-2025 09:07:40', 'QuotePreOpenFlag': False}}"
0,GRASIM,GRASIMEQN,2810.0,2837.5,2786.1,2807.9,2809.8,-1.9,-0.07,1069596981776.71,2898.4,2276.95,495200,0,1389907552.0,,3.122412365443003,-23.318474274797442,2.28,05-Sep-2024,https://nsearchives.nseindia.com/365d/GRASIM-EQ.svg,06-Aug-2025,1.38,https://nsearchives.nseindia.com/30d/GRASIM-EQ.svg,https://nsearchives.nseindia.com/today/GRASIMEQN.svg,EQ,"{'symbol': 'GRASIM', 'companyName': 'Grasim Industries Limited', 'industry': 'Cement & Cement Products', 'activeSeries': ['EQ'], 'debtSeries': [], 'isFNOSec': True, 'isCASec': False, 'isSLBSec': True, 'isDebtSec': False, 'isSuspended': False, 'tempSuspendedSeries': ['IL'], 'isETFSec': False, 'isDelisted': False, 'isin': 'INE047A01021', 'slb_isin': 'INE047A01021', 'listingDate': '1995-05-10', 'isMunicipalBond': False, 'isHybridSymbol': False, 'quotepreopenstatus': {'equityTime': '05-Sep-2025 16:00:00', 'preOpenTime': '05-Sep-2025 09:07:40', 'QuotePreOpenFlag': False}}"
0,BEL,BELEQN,374.0,375.5,368.5,371.7,372.5,-0.8,-0.21,1327624162009.36,436.0,240.25,7325669,0,2720167413.08,,14.74770642201835,-54.713839750260135,27.6,05-Sep-2024,https://nsearchives.nseindia.com/365d/BEL-EQ.svg,06-Aug-2025,-4.85,https://nsearchives.nseindia.com/30d/BEL-EQ.svg,https://nsearchives.nseindia.com/today/BELEQN.svg,EQ,"{'symbol': 'BEL', 'companyName': 'Bharat Electronics Limited', 'industry': 'Aerospace & Defense', 'activeSeries': ['EQ', 'T0'], 'debtSeries': [], 'isFNOSec': True, 'isCASec': False, 'isSLBSec': True, 'isDebtSec': False, 'isSuspended': False, 'tempSuspendedSeries': [], 'isETFSec': False, 'isDelisted': False, 'isin': 'INE263A01024', 'slb_isin': 'INE263A01024', 'listingDate': '2000-07-19', 'isMunicipalBond': False, 'isHybridSymbol': False, 'quotepreopenstatus': {'equityTime': '05-Sep-2025 16:00:00', 'preOpenTime': '05-Sep-2025 09:07:40', 'QuotePreOpenFlag': False}}"
0,ICICIBANK,ICICIBANKEQN,1411.0,1411.5,1387.7,1402.3,1405.5,-3.2,-0.23,9976743947115.51,1500.0,1186.0,6621077,0,9253219950.58,,6.513333333333335,-18.237774030354128,13.5,05-Sep-2024,https://nsearchives.nseindia.com/365d/ICICIBANK-EQ.svg,06-Aug-2025,-2.83,https://nsearchives.nseindia.com/30d/ICICIBANK-EQ.svg,https://nsearchives.nseindia.com/today/ICICIBANKEQN.svg,EQ,"{'symbol': 'ICICIBANK', 'companyName': 'ICICI Bank Limited', 'industry': 'Private Sector Bank', 'activeSeries': ['EQ', 'T0'], 'debtSeries': [], 'isFNOSec': True, 'isCASec': False, 'isSLBSec': True, 'isDebtSec': True, 'isSuspended': False, 'tempSuspendedSeries': ['E2', 'IL'], 'isETFSec': False, 'isDelisted': False, 'isin': 'INE090A01021', 'slb_isin': 'INE090A01021', 'listingDate': '1997-09-17', 'isMunicipalBond': False, 'isHybridSymbol': False, 'quotepreopenstatus': {'equityTime': '05-Sep-2025 16:00:00', 'preOpenTime': '05-Sep-2025 09:07:40', 'QuotePreOpenFlag': False}}"
0,TRENT,TRENTEQN,5557.0,5617.0,5494.0,5515.5,5529.0,-13.5,-0.24,1222428153214.3,8345.0,4488.0,622758,0,3448186135.68,,33.90653085680048,-22.894385026737968,-22.87,05-Sep-2024,https://nsearchives.nseindia.com/365d/TRENT-EQ.svg,06-Aug-2025,3.21,https://nsearchives.nseindia.com/30d/TRENT-EQ.svg,https://nsearchives.nseindia.com/today/TRENTEQN.svg,EQ,"{'symbol': 'TRENT', 'companyName': 'Trent Limited', 'industry': 'Speciality Retail', 'activeSeries': ['EQ', 'T0'], 'debtSeries': [], 'isFNOSec': True, 'isCASec': False, 'isSLBSec': True, 'isDebtSec': False, 'isSuspended': False, 'tempSuspendedSeries': ['N1', 'W1', 'Q2', 'Q1', 'IL'], 'isETFSec': False, 'isDelisted': False, 'isin': 'INE849A01020', 'slb_isin': 'INE849A01020', 'listingDate': '2004-06-07', 'isMunicipalBond': False, 'isHybridSymbol': False, 'quotepreopenstatus': {'equityTime': '05-Sep-2025 16:00:00', 'preOpenTime': '05-Sep-2025 09:07:40', 'QuotePreOpenFlag': False}}"
0,WIPRO,WIPROEQN,246.1,247.32,241.27,244.36,244.97,-0.61,-0.25,695132642977.82,324.6,228.0,6233782,0,1521790861.84,,24.71965495995071,-7.175438596491234,-53.57,05-Sep-2024,https://nsearchives.nseindia.com/365d/WIPRO-EQ.svg,06-Aug-2025,1.55,https://nsearchives.nseindia.com/30d/WIPRO-EQ.svg,https://nsearchives.nseindia.com/today/WIPROEQN.svg,EQ,"{'symbol': 'WIPRO', 'companyName': 'Wipro Limited', 'industry': 'Computers - Software & Consulting', 'activeSeries': ['EQ', 'T0'], 'debtSeries': [], 'isFNOSec': True, 'isCASec': False, 'isSLBSec': True, 'isDebtSec': False, 'isSuspended': False, 'tempSuspendedSeries': [], 'isETFSec': False, 'isDelisted': False, 'isin': 'INE075A01022', 'slb_isin': 'INE075A01022', 'listingDate': '1995-11-08', 'isMunicipalBond': False, 'isHybridSymbol': False, 'quotepreopenstatus': {'equityTime': '05-Sep-2025 16:00:00', 'preOpenTime': '05-Sep-2025 09:07:40', 'QuotePreOpenFlag': False}}"
0,SBIN,SBINEQN,811.5,812.5,803.65,806.95,809.4,-2.45,-0.3,3197845621727.4,875.45,680.0,5194842,0,4193692049.76,,7.824547375635387,-18.66911764705883,-1.48,05-Sep-2024,https://nsearchives.nseindia.com/365d/SBIN-EQ.svg,06-Aug-2025,0.18,https://nsearchives.nseindia.com/30d/SBIN-EQ.svg,https://nsearchives.nseindia.com/today/SBINEQN.svg,EQ,"{'symbol': 'SBIN', 'companyName': 'State Bank of India', 'industry': 'Public Sector Bank', 'activeSeries': ['EQ', 'T0'], 'debtSeries': [], 'isFNOSec': True, 'isCASec': False, 'isSLBSec': True, 'isDebtSec': True, 'isSuspended': False, 'tempSuspendedSeries': ['N1', 'N4', 'N3', 'IL', 'N5', 'N6', 'N2'], 'isETFSec': False, 'isDelisted': False, 'isin': 'INE062A01020', 'slb_isin': 'INE062A01020', 'listingDate': '1995-03-01', 'isMunicipalBond': False, 'isHybridSymbol': False, 'quotepreopenstatus': {'equityTime': '05-Sep-2025 16:00:00', 'preOpenTime': '05-Sep-2025 09:07:40', 'QuotePreOpenFlag': False}}"
0,NTPC,NTPCEQN,330.05,331.8,325.95,328.75,330.05,-1.3,-0.39,1554491735219.65,448.45,292.8,5678244,0,1863656463.24,,26.691938900657817,-12.27800546448087,-18.49,05-Sep-2024,https://nsearchives.nseindia.com/365d/NTPC-EQ.svg,06-Aug-2025,-1.02,https://nsearchives.nseindia.com/30d/NTPC-EQ.svg,https://nsearchives.nseindia.com/today/NTPCEQN.svg,EQ,"{'symbol': 'NTPC', 'companyName': 'NTPC Limited', 'industry': 'Power Generation', 'activeSeries': ['EQ', 'T0'], 'debtSeries': [], 'isFNOSec': True, 'isCASec': False, 'isSLBSec': True, 'isDebtSec': True, 'isSuspended': False, 'tempSuspendedSeries': ['N1', 'N4', 'U1', 'U4'], 'isETFSec': False, 'isDelisted': False, 'isin': 'INE733E01010', 'slb_isin': 'INE733E01010', 'listingDate': '2004-11-05', 'isMunicipalBond': False, 'isHybridSymbol': False, 'quotepreopenstatus': {'equityTime': '05-Sep-2025 16:00:00', 'preOpenTime': '05-Sep-2025 09:07:40', 'QuotePreOpenFlag': False}}"
0,ULTRACEMCO,ULTRACEMCOEQN,12680.0,12738.0,12530.0,12592.0,12651.0,-59.0,-0.47,1490403355294.17,13097.0,10047.85,153774,0,1937487814.92,,3.855844849965641,-25.32034216275123,9.17,05-Sep-2024,https://nsearchives.nseindia.com/365d/ULTRACEMCO-EQ.svg,06-Aug-2025,3.07,https://nsearchives.nseindia.com/30d/ULTRACEMCO-EQ.svg,https://nsearchives.nseindia.com/today/ULTRACEMCOEQN.svg,EQ,"{'symbol': 'ULTRACEMCO', 'companyName': 'UltraTech Cement Limited', 'industry': 'Cement & Cement Products', 'activeSeries': ['EQ'], 'debtSeries': [], 'isFNOSec': True, 'isCASec': False, 'isSLBSec': True, 'isDebtSec': True, 'isSuspended': False, 'tempSuspendedSeries': [], 'isETFSec': False, 'isDelisted': False, 'isin': 'INE481G01011', 'slb_isin': 'INE481G01011', 'listingDate': '2004-08-24', 'isMunicipalBond': False, 'isHybridSymbol': False, 'quotepreopenstatus': {'equityTime': '05-Sep-2025 16:00:00', 'preOpenTime': '05-Sep-2025 09:07:40', 'QuotePreOpenFlag': False}}"
0,NESTLEIND,NESTLEINDEQN,1212.0,1216.4,1191.0,1206.9,1212.6,-5.7,-0.47,863061098296.08,1389.0,1055.0,1434458,0,1725896831.86,,13.110151187904963,-14.398104265402852,-51.75,05-Sep-2024,https://nsearchives.nseindia.com/365d/NESTLEIND-EQ.svg,06-Aug-2025,-45.89,https://nsearchives.nseindia.com/30d/NESTLEIND-EQ.svg,https://nsearchives.nseindia.com/today/NESTLEINDEQN.svg,EQ,"{'symbol': 'NESTLEIND', 'companyName': 'Nestle India Limited', 'industry': 'Packaged Foods', 'activeSeries': ['EQ', 'T0'], 'debtSeries': [], 'isFNOSec': True, 'isCASec': False, 'isSLBSec': True, 'isDebtSec': False, 'isSuspended': False, 'tempSuspendedSeries': [], 'isETFSec': False, 'isDelisted': False, 'isin': 'INE239A01024', 'slb_isin': 'INE239A01024', 'listingDate': '2023-08-01', 'isMunicipalBond': False, 'isHybridSymbol': False, 'quotepreopenstatus': {'equityTime': '05-Sep-2025 16:00:00', 'preOpenTime': '05-Sep-2025 09:07:40', 'QuotePreOpenFlag': False}}"
0,ONGC,ONGCEQN,235.75,237.16,233.01,234.6,235.72,-1.12,-0.48,908751001183.95,316.95,205.0,7210683,0,1689030385.92,,25.98201609086607,-14.439024390243901,-24.81,05-Sep-2024,https://nsearchives.nseindia.com/365d/ONGC-EQ.svg,06-Aug-2025,0.15,https://nsearchives.nseindia.com/30d/ONGC-EQ.svg,https://nsearchives.nseindia.com/today/ONGCEQN.svg,EQ,"{'symbol': 'ONGC', 'companyName': 'Oil & Natural Gas Corporation Limited', 'industry': 'Oil Exploration & Production', 'activeSeries': ['EQ', 'T0'], 'debtSeries': [], 'isFNOSec': True, 'isCASec': False, 'isSLBSec': True, 'isDebtSec': False, 'isSuspended': False, 'tempSuspendedSeries': [], 'isETFSec': False, 'isDelisted': False, 'isin': 'INE213A01029', 'slb_isin': 'INE213A01029', 'listingDate': '1995-07-19', 'isMunicipalBond': False, 'isHybridSymbol': False, 'quotepreopenstatus': {'equityTime': '05-Sep-2025 16:00:00', 'preOpenTime': '05-Sep-2025 09:07:40', 'QuotePreOpenFlag': False}}"
0,KOTAKBANK,KOTAKBANKEQN,1949.7,1957.3,1937.1,1939.5,1949.7,-10.2,-0.52,2844129260295.63,2301.9,1679.05,1981252,0,3856724955.72,,15.743516225726577,-15.511747714481405,9.42,05-Sep-2024,https://nsearchives.nseindia.com/365d/KOTAKBANK-EQ.svg,06-Aug-2025,-2.84,https://nsearchives.nseindia.com/30d/KOTAKBANK-EQ.svg,https://nsearchives.nseindia.com/today/KOTAKBANKEQN.svg,EQ,"{'symbol': 'KOTAKBANK', 'companyName': 'Kotak Mahindra Bank Limited', 'industry': 'Private Sector Bank', 'activeSeries': ['EQ'], 'debtSeries': [], 'isFNOSec': True, 'isCASec': False, 'isSLBSec': True, 'isDebtSec': False, 'isSuspended': False, 'tempSuspendedSeries': ['IL'], 'isETFSec': False, 'isDelisted': False, 'isin': 'INE237A01028', 'slb_isin': 'INE237A01028', 'listingDate': '1995-12-20', 'isMunicipalBond': False, 'isHybridSymbol': False, 'quotepreopenstatus': {'equityTime': '05-Sep-2025 16:00:00', 'preOpenTime': '05-Sep-2025 09:07:40', 'QuotePreOpenFlag': False}}"
0,ADANIPORTS,ADANIPORTSEQN,1330.0,1335.7,1312.8,1321.1,1328.2,-7.1,-0.53,972278735933.16,1494.0,995.65,1135666,0,1503167517.6,,11.57295850066935,-32.687189273339015,-9.81,05-Sep-2024,https://nsearchives.nseindia.com/365d/ADANIPORTS-EQ.svg,06-Aug-2025,-3.31,https://nsearchives.nseindia.com/30d/ADANIPORTS-EQ.svg,https://nsearchives.nseindia.com/today/ADANIPORTSEQN.svg,EQ,"{'symbol': 'ADANIPORTS', 'companyName': 'Adani Ports and Special Economic Zone Limited', 'industry': 'Port & Port services', 'activeSeries': ['EQ', 'T0'], 'debtSeries': [], 'isFNOSec': True, 'isCASec': False, 'isSLBSec': True, 'isDebtSec': False, 'isSuspended': False, 'tempSuspendedSeries': [], 'isETFSec': False, 'isDelisted': False, 'isin': 'INE742F01042', 'slb_isin': 'INE742F01042', 'listingDate': '2007-11-27', 'isMunicipalBond': False, 'isHybridSymbol': False, 'quotepreopenstatus': {'equityTime': '05-Sep-2025 16:00:00', 'preOpenTime': '05-Sep-2025 09:07:40', 'QuotePreOpenFlag': False}}"
0,TITAN,TITANEQN,3695.0,3700.0,3660.0,3660.0,3691.1,-31.1,-0.84,1505630160328.02,3867.0,2925.0,454120,0,1669417779.2,,5.3529868114817685,-25.128205128205128,-1.55,05-Sep-2024,https://nsearchives.nseindia.com/365d/TITAN-EQ.svg,06-Aug-2025,7.24,https://nsearchives.nseindia.com/30d/TITAN-EQ.svg,https://nsearchives.nseindia.com/today/TITANEQN.svg,EQ,"{'symbol': 'TITAN', 'companyName': 'Titan Company Limited', 'industry': 'Gems Jewellery And Watches', 'activeSeries': ['EQ', 'T0'], 'debtSeries': [], 'isFNOSec': True, 'isCASec': False, 'isSLBSec': True, 'isDebtSec': False, 'isSuspended': False, 'tempSuspendedSeries': ['N1', 'IL'], 'isETFSec': False, 'isDelisted': False, 'isin': 'INE280A01028', 'slb_isin': 'INE280A01028', 'listingDate': '2004-09-24', 'isMunicipalBond': False, 'isHybridSymbol': False, 'quotepreopenstatus': {'equityTime': '05-Sep-2025 16:00:00', 'preOpenTime': '05-Sep-2025 09:07:40', 'QuotePreOpenFlag': False}}"
0,APOLLOHOSP,APOLLOHOSPEQN,7900.0,7915.0,7795.5,7830.0,7900.0,-70.0,-0.89,788867285386.56,7980.0,6001.0,228324,0,1794099211.56,,1.8796992481203008,-30.478253624395933,12.55,05-Sep-2024,https://nsearchives.nseindia.com/365d/APOLLOHOSP-EQ.svg,06-Aug-2025,8.55,https://nsearchives.nseindia.com/30d/APOLLOHOSP-EQ.svg,https://nsearchives.nseindia.com/today/APOLLOHOSPEQN.svg,EQ,"{'symbol': 'APOLLOHOSP', 'companyName': 'Apollo Hospitals Enterprise Limited', 'industry': 'Hospital', 'activeSeries': ['EQ'], 'debtSeries': [], 'isFNOSec': True, 'isCASec': False, 'isSLBSec': True, 'isDebtSec': False, 'isSuspended': False, 'tempSuspendedSeries': [], 'isETFSec': False, 'isDelisted': False, 'isin': 'INE437A01024', 'slb_isin': 'INE437A01024', 'listingDate': '1996-01-10', 'isMunicipalBond': False, 'isHybridSymbol': False, 'quotepreopenstatus': {'equityTime': '05-Sep-2025 16:00:00', 'preOpenTime': '05-Sep-2025 09:07:40', 'QuotePreOpenFlag': False}}"
0,LT,LTEQN,3592.8,3609.1,3549.1,3553.7,3592.6,-38.9,-1.08,4161615008235.32,3963.5,2965.3,830812,0,2962534353.96,,10.339346537151512,-19.842848952888396,-1.95,05-Sep-2024,https://nsearchives.nseindia.com/365d/LT-EQ.svg,06-Aug-2025,-2.06,https://nsearchives.nseindia.com/30d/LT-EQ.svg,https://nsearchives.nseindia.com/today/LTEQN.svg,EQ,"{'symbol': 'LT', 'companyName': 'Larsen & Toubro Limited', 'industry': 'Civil Construction', 'activeSeries': ['EQ'], 'debtSeries': [], 'isFNOSec': True, 'isCASec': False, 'isSLBSec': True, 'isDebtSec': True, 'isSuspended': False, 'tempSuspendedSeries': [], 'isETFSec': False, 'isDelisted': False, 'isin': 'INE018A01030', 'slb_isin': 'INE018A01030', 'listingDate': '2004-06-23', 'isMunicipalBond': False, 'isHybridSymbol': False, 'quotepreopenstatus': {'equityTime': '05-Sep-2025 16:00:00', 'preOpenTime': '05-Sep-2025 09:07:40', 'QuotePreOpenFlag': False}}"
0,INFY,INFYEQN,1470.0,1472.7,1433.0,1446.0,1463.0,-17.0,-1.16,5194238389982.98,2006.45,1307.0,5466487,0,7900385671.88,,27.932417952104466,-10.63504208110176,-25.27,05-Sep-2024,https://nsearchives.nseindia.com/365d/INFY-EQ.svg,06-Aug-2025,0.55,https://nsearchives.nseindia.com/30d/INFY-EQ.svg,https://nsearchives.nseindia.com/today/INFYEQN.svg,EQ,"{'symbol': 'INFY', 'companyName': 'Infosys Limited', 'industry': 'Computers - Software & Consulting', 'activeSeries': ['EQ'], 'debtSeries': [], 'isFNOSec': True, 'isCASec': False, 'isSLBSec': True, 'isDebtSec': False, 'isSuspended': False, 'tempSuspendedSeries': [], 'isETFSec': False, 'isDelisted': False, 'isin': 'INE009A01021', 'slb_isin': 'INE009A01021', 'listingDate': '1995-02-08', 'isMunicipalBond': False, 'isHybridSymbol': False, 'quotepreopenstatus': {'equityTime': '05-Sep-2025 16:00:00', 'preOpenTime': '05-Sep-2025 09:07:40', 'QuotePreOpenFlag': False}}"
0,HINDUNILVR,HINDUNILVREQN,2667.6,2672.9,2623.8,2628.0,2666.6,-38.6,-1.45,2325735185234.63,3035.0,2136.0,944879,0,2497239606.68,,13.41021416803954,-23.03370786516854,-7.22,05-Sep-2024,https://nsearchives.nseindia.com/365d/HINDUNILVR-EQ.svg,06-Aug-2025,3.86,https://nsearchives.nseindia.com/30d/HINDUNILVR-EQ.svg,https://nsearchives.nseindia.com/today/HINDUNILVREQN.svg,EQ,"{'symbol': 'HINDUNILVR', 'companyName': 'Hindustan Unilever Limited', 'industry': 'Diversified FMCG', 'activeSeries': ['EQ', 'T0'], 'debtSeries': [], 'isFNOSec': True, 'isCASec': False, 'isSLBSec': True, 'isDebtSec': False, 'isSuspended': False, 'tempSuspendedSeries': [], 'isETFSec': False, 'isDelisted': False, 'isin': 'INE030A01027', 'slb_isin': 'INE030A01027', 'listingDate': '1995-07-06', 'isMunicipalBond': False, 'isHybridSymbol': False, 'quotepreopenstatus': {'equityTime': '05-Sep-2025 16:00:00', 'preOpenTime': '05-Sep-2025 09:07:40', 'QuotePreOpenFlag': False}}"
0,TECHM,TECHMEQN,1499.0,1507.4,1462.1,1478.0,1500.4,-22.4,-1.49,935294323757.68,1807.7,1209.4,1875965,0,2783219193.3,,18.23864579299663,-22.20936001322969,-9.86,05-Sep-2024,https://nsearchives.nseindia.com/365d/TECHM-EQ.svg,06-Aug-2025,1.3,https://nsearchives.nseindia.com/30d/TECHM-EQ.svg,https://nsearchives.nseindia.com/today/TECHMEQN.svg,EQ,"{'symbol': 'TECHM', 'companyName': 'Tech Mahindra Limited', 'industry': 'Computers - Software & Consulting', 'activeSeries': ['EQ'], 'debtSeries': [], 'isFNOSec': True, 'isCASec': False, 'isSLBSec': True, 'isDebtSec': False, 'isSuspended': False, 'tempSuspendedSeries': [], 'isETFSec': False, 'isDelisted': False, 'isin': 'INE669C01036', 'slb_isin': 'INE669C01036', 'listingDate': '2006-08-28', 'isMunicipalBond': False, 'isHybridSymbol': False, 'quotepreopenstatus': {'equityTime': '05-Sep-2025 16:00:00', 'preOpenTime': '05-Sep-2025 09:07:40', 'QuotePreOpenFlag': False}}"
0,TCS,TCSEQN,3097.1,3103.4,3028.6,3048.0,3095.7,-47.7,-1.54,3104263256117.42,4549.35,2991.6,2802055,0,8552152065.5,,33.00141778495829,-1.8852787805856428,-31.9,05-Sep-2024,https://nsearchives.nseindia.com/365d/TCS-EQ.svg,06-Aug-2025,0.53,https://nsearchives.nseindia.com/30d/TCS-EQ.svg,https://nsearchives.nseindia.com/today/TCSEQN.svg,EQ,"{'symbol': 'TCS', 'companyName': 'Tata Consultancy Services Limited', 'industry': 'Computers - Software & Consulting', 'activeSeries': ['EQ', 'T0'], 'debtSeries': [], 'isFNOSec': True, 'isCASec': False, 'isSLBSec': True, 'isDebtSec': False, 'isSuspended': False, 'tempSuspendedSeries': [], 'isETFSec': False, 'isDelisted': False, 'isin': 'INE467B01029', 'slb_isin': 'INE467B01029', 'listingDate': '2004-08-25', 'isMunicipalBond': False, 'isHybridSymbol': False, 'quotepreopenstatus': {'equityTime': '05-Sep-2025 16:00:00', 'preOpenTime': '05-Sep-2025 09:07:40', 'QuotePreOpenFlag': False}}"
0,HCLTECH,HCLTECHEQN,1448.0,1452.3,1402.8,1420.1,1443.3,-23.2,-1.61,1500247551068.97,2012.2,1302.75,3895199,0,5543647216.8,,29.425504423019586,-9.007867971598534,-20.75,05-Sep-2024,https://nsearchives.nseindia.com/365d/HCLTECH-EQ.svg,06-Aug-2025,-3.02,https://nsearchives.nseindia.com/30d/HCLTECH-EQ.svg,https://nsearchives.nseindia.com/today/HCLTECHEQN.svg,EQ,"{'symbol': 'HCLTECH', 'companyName': 'HCL Technologies Limited', 'industry': 'Computers - Software & Consulting', 'activeSeries': ['EQ', 'T0'], 'debtSeries': [], 'isFNOSec': True, 'isCASec': False, 'isSLBSec': True, 'isDebtSec': False, 'isSuspended': False, 'tempSuspendedSeries': [], 'isETFSec': False, 'isDelisted': False, 'isin': 'INE860A01027', 'slb_isin': 'INE860A01027', 'listingDate': '2000-01-06', 'isMunicipalBond': False, 'isHybridSymbol': False, 'quotepreopenstatus': {'equityTime': '05-Sep-2025 16:00:00', 'preOpenTime': '05-Sep-2025 09:07:40', 'QuotePreOpenFlag': False}}"
0,CIPLA,CIPLAEQN,1577.8,1585.6,1550.0,1551.1,1577.8,-26.7,-1.69,870120345294.44,1702.05,1335.0,701865,0,1096285055.4,,8.868717135219297,-16.18726591760299,-4.57,05-Sep-2024,https://nsearchives.nseindia.com/365d/CIPLA-EQ.svg,06-Aug-2025,4.49,https://nsearchives.nseindia.com/30d/CIPLA-EQ.svg,https://nsearchives.nseindia.com/today/CIPLAEQN.svg,EQ,"{'symbol': 'CIPLA', 'companyName': 'Cipla Limited', 'industry': 'Pharmaceuticals', 'activeSeries': ['EQ', 'T0'], 'debtSeries': [], 'isFNOSec': True, 'isCASec': False, 'isSLBSec': True, 'isDebtSec': False, 'isSuspended': False, 'tempSuspendedSeries': [], 'isETFSec': False, 'isDelisted': False, 'isin': 'INE059A01026', 'slb_isin': 'INE059A01026', 'listingDate': '1995-02-08', 'isMunicipalBond': False, 'isHybridSymbol': False, 'quotepreopenstatus': {'equityTime': '05-Sep-2025 16:00:00', 'preOpenTime': '05-Sep-2025 09:07:40', 'QuotePreOpenFlag': False}}"
0,ITC,ITCEQN,416.9,417.0,404.4,407.9,415.9,-8.0,-1.92,3790800727630.36,528.5,390.15,16000675,0,6509394603.5,,22.819299905392626,-4.549532231193131,-20.31,05-Sep-2024,https://nsearchives.nseindia.com/365d/ITC-EQ.svg,06-Aug-2025,-1.13,https://nsearchives.nseindia.com/30d/ITC-EQ.svg,https://nsearchives.nseindia.com/today/ITCEQN.svg,EQ,"{'symbol': 'ITC', 'companyName': 'ITC Limited', 'industry': 'Diversified FMCG', 'activeSeries': ['EQ', 'T0'], 'debtSeries': [], 'isFNOSec': True, 'isCASec': False, 'isSLBSec': True, 'isDebtSec': False, 'isSuspended': False, 'tempSuspendedSeries': [], 'isETFSec': False, 'isDelisted': False, 'isin': 'INE154A01025', 'slb_isin': 'INE154A01025', 'listingDate': '1995-08-23', 'isMunicipalBond': False, 'isHybridSymbol': False, 'quotepreopenstatus': {'equityTime': '05-Sep-2025 16:00:00', 'preOpenTime': '05-Sep-2025 09:07:40', 'QuotePreOpenFlag': False}}"
